epoch,loss
1,22.65175289577908
2,22.696652942233616
3,22.54926766289605
4,21.578857951694065
5,22.57233789232042
